<?xml version='1.0' encoding='UTF-8'?>
<!DOCTYPE hibernate-configuration PUBLIC
          "-//Hibernate/Hibernate Configuration DTD 3.0//EN"
          "http://hibernate.sourceforge.net/hibernate-configuration-3.0.dtd">

<!-- Generated by MyEclipse Hibernate Tools.                   -->
<hibernate-configuration>
    <session-factory>
    <!-- db driver , connection -->
        <property name="hibernate.connection.driver_class">com.mysql.cj.jdbc.Driver</property>
        <property name="hibernate.connection.url">jdbc:mysql://localhost/db5</property>
        <property name="hibernate.connection.username">root</property>
        <property name="hibernate.connection.password">Divya@263</property>
        <property name="hibernate.dialect">org.hibernate.dialect.MySQL8Dialect</property>
    <!-- hibernate config  -->
    <property name="hbm2ddl.auto">update</property>
    <property name="show_sql">true</property>
    <mapping resource="employee.hbm.xml"/>
    </session-factory>
</hibernate-configuration>
